canonicalApplicationId,name,email,phone,division,draftSelectionGroup,mainDraftGroupNumber,productionApplicationStatus,resolutionStatus
"cmroto3dk009ufekknezo6bus","Bakare Oreoluwa Olohitare","oreoluwabakare23@gmail.com","08154529099","WOMEN","MAIN_DRAFT","1","SUBMITTED","SUBMITTED_REQUIRES_APPROVAL"
"cmrosq4ka009ifekk8kvpts5w","Rachel  John","rayjohn4199@gmail.com","08163889906","WOMEN","MAIN_DRAFT","2","SUBMITTED","SUBMITTED_REQUIRES_APPROVAL"
"cmronk4xh008mfekk0rjzxlxv","Oyekan Aishat","eibukunoluwa894@gmail.com","07062477873","WOMEN","MAIN_DRAFT","2","SUBMITTED","SUBMITTED_REQUIRES_APPROVAL"
"cmrocxxsk007zfekkktdsqvzy","Akingbade Elizabeth","eakingbade23@gmail.com","07057168659","WOMEN","MAIN_DRAFT","3","SUBMITTED","SUBMITTED_REQUIRES_APPROVAL"
"cmro4am1h007ufekkgrjohfcv","Biola Moses","mosesbiola17@gmail.com","08059858423","WOMEN","MAIN_DRAFT","1","SUBMITTED","SUBMITTED_REQUIRES_APPROVAL"
"cmrnutxsv006pfekk1clzjx1q","Okafor chidinma daniella","daniellachidinma928@gmail.com","07036181319","WOMEN","MAIN_DRAFT","2","SUBMITTED","SUBMITTED_REQUIRES_APPROVAL"
"cmri8f9ey000afekk7d9zzivb","Samuel olutosoye","olutosoyesamuel@gmail.com","07070632052","WOMEN","MAIN_DRAFT","4","SUBMITTED","SUBMITTED_REQUIRES_APPROVAL"
"cmrb3st0d00xautkkbeyk48bx","Mbah Chinyere","bennychi12345@gmail.com","07040770570","WOMEN","MAIN_DRAFT","3","APPROVED","READY"
"cmrb3nzzr00x9utkk0itzwg2q","Ekun God’sGrace","ekunmyne5@gmail.com","07048105766","WOMEN","MAIN_DRAFT","3","APPROVED","READY"
"cmrb2yh4g00w4utkkhaseslee","Hawau Ayomide","oresanwoayomide118@gmail.com","08022370033","WOMEN","MAIN_DRAFT","4","APPROVED","READY"
"cmqzar8bz0037xbkky7izfe17","Precious Aden","gracieemmanuel8@gmail.com","09060558751","WOMEN","MAIN_DRAFT","3","REJECTED","REJECTED_REQUIRES_OVERRIDE"
"cmqz9q1be002mxbkkz7c9bmnv","Okechukwu Sylvia Chilezie","ifunayasylvia831@gmail.com","08100245156","WOMEN","MAIN_DRAFT","2","APPROVED","READY"
"cmqz4p3ya000xxbkksjxho59i","Offiong Sharon","offiongsharon88@gmail.com","09161160119","WOMEN","MAIN_DRAFT","2","APPROVED","READY"
"cmqytm284007kxykk8rbpsmn2","Aminat Shoboye","aminatadeola35@gmail.com","07069774338","WOMEN","MAIN_DRAFT","3","APPROVED","READY"
"cmqy81nvt0075xykk54k2a7qo","Mary Veronica","maryveronica56e@gmail.com","07047335383","WOMEN","MAIN_DRAFT","1","APPROVED","READY"
"cmqxwqbpi005mxykk8m4uef5i","Agomuo Faith","agomuofaith54@gmail.com","08063091540","WOMEN","MAIN_DRAFT","1","APPROVED","READY"
"cmqxjqux2004kxykkrj3pzm64","Udoyibo Goodluck","tinaberry08@gmail.com","08140289567","WOMEN","MAIN_DRAFT","1","APPROVED","READY"
"cmrsaw97y00bzfekklnbbert0","sanni george","geoflashsanni@gmail.com","09019225658","MEN","MAIN_DRAFT","1","SUBMITTED","SUBMITTED_REQUIRES_APPROVAL"
"cmrrnvkz700bvfekkbq833ddw","Emmanuel Godday","emmanuelgodday63@gmail.com","08027517873","MEN","MAIN_DRAFT","2","SUBMITTED","SUBMITTED_REQUIRES_APPROVAL"
"cmrp8wo2x00ajfekk10vtu3hj","Onyeka Ogbolu","trumpxp9000@gmail.com","08138804892","MEN","MAIN_DRAFT","4","SUBMITTED","SUBMITTED_REQUIRES_APPROVAL"
"cmroxtfm800a8fekk9cb94x3n","Ifoghale Justine","ifoghalejustine@gmail.com","08150487742","MEN","MAIN_DRAFT","2","SUBMITTED","SUBMITTED_REQUIRES_APPROVAL"
"cmrotfxv2009qfekk9lz8e0ww","Oluwatobiloba Ekundayo","ekundayooluwatobiloba4@gmail.com","08121879566","MEN","SECONDARY_DRAFT","","SUBMITTED","SUBMITTED_REQUIRES_APPROVAL"
"cmrospww6009hfekkt0phcgdd","Gabriel Adedunmola","gadedunmola@gmail.com","09133667698","MEN","SECONDARY_DRAFT","","SUBMITTED","SUBMITTED_REQUIRES_APPROVAL"
"cmro0yi6u007dfekk6b94qfy7","Solomon Obalusi","julianaobalusi@gmail.com","08083688137","MEN","SECONDARY_DRAFT","","SUBMITTED","SUBMITTED_REQUIRES_APPROVAL"
"cmro0e3y00078fekkbryo8j07","Udechukwu chidera","udechukwuchidera6@gmail.com","08167652885","MEN","SECONDARY_DRAFT","","SUBMITTED","SUBMITTED_REQUIRES_APPROVAL"
"cmrnvjoq1006xfekk1qugbmcn","Bamidele Taiwo","bamideletaiwo587@gmail.com","08088292195","MEN","MAIN_DRAFT","2","SUBMITTED","SUBMITTED_REQUIRES_APPROVAL"
"cmrnv0bow006rfekk4lgwj7sl","Kehinde Bamidele","bamokehinde03@gmail.com","07011170168","MEN","MAIN_DRAFT","1","SUBMITTED","SUBMITTED_REQUIRES_APPROVAL"
"cmrnueo37006lfekkmcjg25x1","Sanusi Emmanuel","emmajaeq@gmail.com","0704 766 6587","MEN","SECONDARY_DRAFT","","SUBMITTED","SUBMITTED_REQUIRES_APPROVAL"
"cmrnffavp0065fekk1cxact63","Samuel Kalejaiye","samuel.olaoluwa539@gmail.com","08065543159","MEN","MAIN_DRAFT","1","SUBMITTED","SUBMITTED_REQUIRES_APPROVAL"
"cmrki6wlf002pfekkh0270ory","Kukoyi Hassan","kukoyihassan205@gmail.com","09152033388","MEN","MAIN_DRAFT","3","SUBMITTED","SUBMITTED_REQUIRES_APPROVAL"
"cmrkh5pvs001xfekkxwaurnqd","Godwin Ojinnaka","godwinojinnaka5@gmail.com","09017248933","MEN","MAIN_DRAFT","4","SUBMITTED","SUBMITTED_REQUIRES_APPROVAL"
"cmraydwht00vwutkk7zedjmq7","Joseph Adeshina","josephadeshina123@gmail.com","0902 737 4661","MEN","MAIN_DRAFT","3","APPROVED","READY"
"cmr85c3zb00trutkkmnvfbxwd","Nalan godswill","nalangidswill25@gmail.com","08159125590","MEN","SECONDARY_DRAFT","","APPROVED","READY"
"cmr6jkrab00qlutkk82f3allj","OPEMIPOSI OLUWAGBAMI","opemiposinathaniel@gmail.com","09121830506","MEN","MAIN_DRAFT","4","APPROVED","READY"
"cmr5jh46a00poutkk3gob36o9","Nwodo Elijah","nwodoabuchi918@gmail.com","08136519180","MEN","SECONDARY_DRAFT","","APPROVED","READY"
"cmr4mgxh8007putkksnj3y80g","Raluchukwu Brian Joel Ndubisi","ralbrian221@gmail.com","07083229820","MEN","MAIN_DRAFT","3","APPROVED","READY"
"cmr4k3ukw007kutkk0xdma7d1","AFOLABI PECULIAR","peculiarafolabi4@gmail.com","07085208799","MEN","MAIN_DRAFT","3","APPROVED","READY"
"cmr3jxosf0063utkk77jy1zou","Odeyemi Sunday Collins","odeyemicollins7533@gmail.com","09166791997","MEN","MAIN_DRAFT","3","APPROVED","READY"
"cmr3cxgbd005mutkky2b0986i","Ohamara miracle","ebukaohamara@gmail.com","08148917507","MEN","MAIN_DRAFT","2","APPROVED","READY"
"cmr2siz1x004kutkk374sn2kd","Friday Jack sifon","jackgaladima@gmail.com","09066960143","MEN","MAIN_DRAFT","2","APPROVED","READY"
"cmr1u5rlc002jutkkt98eak8k","Elemchi Ebuka","Ebukaelemchi2@gmail.com","09079455320","MEN","MAIN_DRAFT","4","APPROVED","READY"
"cmr0vaczv001gutkkpvt22hvt","Adebola kolade","koladeadebola39@gmail.com","09019441854","MEN","MAIN_DRAFT","1","APPROVED","READY"
"cmr0p6kc9000futkkz29w9k6u","Ibrahim Damusa","damusaibrahim73@gmail.com","07075729409","MEN","MAIN_DRAFT","2","APPROVED","READY"
"cmr0mi3x70005z7kkvxijvka2","Nwoke Saviour chimeremeze","nwokesaviour39@gmail.com","09061852404","MEN","MAIN_DRAFT","4","APPROVED","READY"
"cmr0mbfns0004z7kk9c35uh24","Bakare Mubarak abiodun","bakaremubarakalabi@gmail.com","09133677926","MEN","SECONDARY_DRAFT","","APPROVED","READY"
"cmr09uo090087xbkk6bsuhkak","Adam Oladipupo","oladipupoadam7@gmail.com","08102463573","MEN","MAIN_DRAFT","1","APPROVED","READY"
"cmqzsw2kv007nxbkkvw0ypkq5","Peter yahaya","yahayapeter089@gmail.com","08119568725","MEN","SECONDARY_DRAFT","","APPROVED","READY"
"cmqzhkv9q005pxbkkdo47zv7b","Favour Ejelonu","favourejelonu1999@gmail.com","09157012219","MEN","SECONDARY_DRAFT","","APPROVED","READY"
"cmqzaup0g003hxbkkok4i813z","Victor Edet","victorsamuel20046@gmail.com","09132533148","MEN","MAIN_DRAFT","3","REJECTED","REJECTED_REQUIRES_OVERRIDE"
"cmqz5lzhp0019xbkk3oh88q3w","Ojajuni Oluwatobi","ojajunioluwatobi15@gmail.com","08119814887","MEN","MAIN_DRAFT","4","APPROVED","READY"
"cmqyv2jaf007rxykk74c8dpi4","Joshua Agbonkhese","agbonkhesejoshua26@gmail.com","08038963717","MEN","SECONDARY_DRAFT","","APPROVED","READY"
"cmqy81ytm0076xykkv5jf9npe","OLAWUNI EMMANUEL","heiselovemanie@gmail.com","07058853616","MEN","MAIN_DRAFT","4","REJECTED","REJECTED_REQUIRES_OVERRIDE"
"cmqy6hgul006kxykk1dw3cd5f","Samuel Gideon Gabriel","samuelgideo2005@gmail.com","09073354956","MEN","SECONDARY_DRAFT","","APPROVED","READY"
"cmqy3ibpe005oxykk374inwzn","Tobi Stephen","tobiegunjobi57@gmail.com","08156073924","MEN","MAIN_DRAFT","1","APPROVED","READY"
"cmqxvwxvi005ixykkarcyl6fd","Wisdom Maxwell","chidiebubemaxwell13@gmail.com","09134994767","MEN","MAIN_DRAFT","3","APPROVED","READY"
"cmqwwl2rc001xxykk3re22s6h","Kabir Amir","amiradeiza079@gmail.com","07044705686","MEN","SECONDARY_DRAFT","","APPROVED","READY"
"cmqwuzo3n0014xykknb2kbbv7","benjamin chibuzor","benjaminchibuzor2007@gmail.com","09068752611","MEN","MAIN_DRAFT","1","APPROVED","READY"
"cmqwurshv000ixykkm283bp31","Michael Igbanesi","eshimi090@gmail.com","09053477251","MEN","MAIN_DRAFT","2","APPROVED","READY"