stagingPlayerId,stagingAthleteId,name,email,ultraAthleteId,draftGroup,classification,note,prodMatchCount
"cmsldl7kj005merkk8awac9sr","cmsldl7kd005lerkk1z4wlrja","Gabriel Adedunmola","gadedunmola@gmail.com","UBA-000050","SECONDARY_DRAFT","PRESENT_NEEDS_APPLICATION_APPROVAL","single Application cmrospww6009hfekkt0phcgdd, status=SUBMITTED — needs approval to match the Season Zero selection","1"
"cmsldl710001rerkk2km7f5j8","cmsldl70r001qerkk6h7an1fu","Precious Aden","gracieemmanuel8@gmail.com","UBA-000016","MAIN_DRAFT","PRESENT_NEEDS_REJECTION_REVERSAL_DECISION","single Application cmqzar8bz0037xbkky7izfe17 is REJECTED in production — approving it to match Season Zero selection is a policy reversal requiring explicit human sign-off, not an automatic action","1"
"cmsldl79t003rerkk45w3t6pc","cmsldl79m003qerkknzsi4lmu","Joseph Adeshina","josephadeshina123@gmail.com","UBA-000034","MAIN_DRAFT","PRESENT_NEEDS_ULTRA_ID","existing prod Player cmrb2z2sr00weutkkg6r9s3h4 (schema predates ultraAthleteId column)","5"
"cmsldl6ya001berkkyms7foho","cmsldl6y1001aerkkj1kz9ikn","Joshua Agbonkhese","agbonkhesejoshua26@gmail.com","UBA-000012","SECONDARY_DRAFT","PRESENT_NEEDS_ULTRA_ID","existing prod Player cmr4u4e1300lnutkk8wpz5mzl (schema predates ultraAthleteId column)","1"
"cmsldl7je005ferkk3lvxvzm5","cmsldl7j7005eerkkcsvi3j1t","Oyekan Aishat","eibukunoluwa894@gmail.com","UBA-000049","MAIN_DRAFT","PRESENT_NEEDS_APPLICATION_APPROVAL","single Application cmronk4xh008mfekk0rjzxlxv, status=SUBMITTED — needs approval to match the Season Zero selection","1"
"cmsldl6s7000berkkszvveft2","cmsldl6ru000aerkk6musivjm","Kabir Amir","amiradeiza079@gmail.com","UBA-000003","SECONDARY_DRAFT","PRESENT_NEEDS_ULTRA_ID","existing prod Player cmr4uhyf600ojutkko4ufefrz (schema predates ultraAthleteId column)","1"
"cmsldl7a9003verkkf41s5khw","cmsldl7a4003uerkkzhi3my1f","Hawau Ayomide","oresanwoayomide118@gmail.com","UBA-000035","MAIN_DRAFT","PRESENT_NEEDS_ULTRA_ID","existing prod Player cmrb2ysz100wautkkxdrzg45k (schema predates ultraAthleteId column)","1"
"cmsldl7gx004verkk82l5n5j8","cmsldl7go004uerkkxvqwzull","Kehinde Bamidele","bamokehinde03@gmail.com","UBA-000044","MAIN_DRAFT","PRESENT_NEEDS_APPLICATION_APPROVAL","single Application cmrnv0bow006rfekk4lgwj7sl, status=SUBMITTED — needs approval to match the Season Zero selection","1"
"cmsldl77t003berkkxrg24pj4","cmsldl77n003aerkk420mjwwr","Raluchukwu Brian Joel Ndubisi","ralbrian221@gmail.com","UBA-000030","MAIN_DRAFT","PRESENT_NEEDS_ULTRA_ID","existing prod Player cmr4q3jdx007zutkkrynt2dia (schema predates ultraAthleteId column)","1"
"cmsldl7bg0043erkkuius066a","cmsldl7b80042erkkz004qdk0","Mbah Chinyere","bennychi12345@gmail.com","UBA-000037","MAIN_DRAFT","PRESENT_NEEDS_ULTRA_ID","existing prod Player cmrh5m3qt00y8utkkgn0xqz8t (schema predates ultraAthleteId column)","1"
"cmsldl74c002jerkk7hlkpoj1","cmsldl745002ierkk38kdapl5","Ibrahim Damusa","damusaibrahim73@gmail.com","UBA-000023","MAIN_DRAFT","PRESENT_NEEDS_ULTRA_ID","existing prod Player cmr4rr8sd00e9utkkd841ye2h (schema predates ultraAthleteId column)","1"
"cmsldl6x40013erkk1b6mz7gf","cmsldl6wt0012erkk803jbyhd","OLAWUNI EMMANUEL","heiselovemanie@gmail.com","UBA-000010","MAIN_DRAFT","PRESENT_NEEDS_REJECTION_REVERSAL_DECISION","single Application cmqy81ytm0076xykkv5jf9npe is REJECTED in production — approving it to match Season Zero selection is a policy reversal requiring explicit human sign-off, not an automatic action","1"
"cmsldl757002rerkkca0ut3xj","cmsldl752002qerkke1p7itpj","Elemchi Ebuka","ebukaelemchi2@gmail.com","UBA-000025","MAIN_DRAFT","PRESENT_NEEDS_ULTRA_ID","existing prod Player cmr4r6jkc00coutkk7jitpqwo (schema predates ultraAthleteId column)","1"
"cmsldl71h001verkkki8ks7o3","cmsldl71c001uerkkge5eld56","Victor Edet","victorsamuel20046@gmail.com","UBA-000017","MAIN_DRAFT","PRESENT_NEEDS_REJECTION_REVERSAL_DECISION","single Application cmqzaup0g003hxbkkok4i813z is REJECTED in production — approving it to match Season Zero selection is a policy reversal requiring explicit human sign-off, not an automatic action","1"
"cmsldl71z001zerkkh7yqynv1","cmsldl71s001yerkk9avp0t3d","Favour Ejelonu","favourejelonu1999@gmail.com","UBA-000018","SECONDARY_DRAFT","PRESENT_NEEDS_ULTRA_ID","existing prod Player cmr4suhfi00i4utkk0dy9566n (schema predates ultraAthleteId column)","1"
"cmsldl7lo005uerkk964q3moy","cmsldl7le005terkkxsn1c0ut","Oluwatobiloba Ekundayo","ekundayooluwatobiloba4@gmail.com","UBA-000052","SECONDARY_DRAFT","IDENTITY_AMBIGUOUS_DUPLICATE_APPLICATIONS","3 Application rows (SUBMITTED) for this email — human must pick which to link","3"
"cmsldl78a003ferkke3h3yc8p","cmsldl783003eerkk1diyknj5","Nwodo Elijah","nwodoabuchi918@gmail.com","UBA-000031","SECONDARY_DRAFT","PRESENT_NEEDS_ULTRA_ID","existing prod Player cmr7q228b00sxutkkpo1p5klp (schema predates ultraAthleteId column)","1"
"cmsldxv1v000735kkz2dpwmqq","cmsldxv19000635kk4kvzjckz","Akingbade Elizabeth","eakingbade23@gmail.com","UBA-000058","MAIN_DRAFT","PRESENT_NEEDS_APPLICATION_APPROVAL","single Application cmrocxxsk007zfekkktdsqvzy, status=SUBMITTED — needs approval to match the Season Zero selection","1"
"cmsldl7fg004nerkk9kh370e0","cmsldl7f6004merkk4ea6qzie","Sanusi Emmanuel","emmajaeq@gmail.com","UBA-000042","SECONDARY_DRAFT","PRESENT_NEEDS_APPLICATION_APPROVAL","single Application cmrnueo37006lfekkmcjg25x1, status=SUBMITTED — needs approval to match the Season Zero selection","1"
"cmsldl6ub000nerkk3koyx0xu","cmsldl6u2000merkkdnbmosxl","Agomuo Faith","agomuofaith54@gmail.com","UBA-000006","MAIN_DRAFT","PRESENT_NEEDS_ULTRA_ID","existing prod Player cmr4ubg4600n3utkk9sdhdl3g (schema predates ultraAthleteId column)","1"
"cmsldl6vo000verkkmtt2j6or","cmsldl6vb000uerkk9vdrla7h","Samuel Gideon Gabriel","samuelgideo2005@gmail.com","UBA-000008","SECONDARY_DRAFT","PRESENT_NEEDS_ULTRA_ID","existing prod Player cmr4u9aqj00mnutkkdc8r2a0h (schema predates ultraAthleteId column)","1"
"cmsldl7oc006aerkkz7mhzzyc","cmsldl7o30069erkkvp0g7336","Emmanuel Godday","emmanuelgodday63@gmail.com","UBA-000056","MAIN_DRAFT","PRESENT_NEEDS_APPLICATION_APPROVAL","single Application cmrrnvkz700bvfekkbq833ddw, status=SUBMITTED — needs approval to match the Season Zero selection","1"
"cmsldl7at003zerkkud7qhspt","cmsldl7aj003yerkkicgk9rtl","Ekun God’sGrace","ekunmyne5@gmail.com","UBA-000036","MAIN_DRAFT","PRESENT_NEEDS_ULTRA_ID","existing prod Player cmrh5mdt300ycutkk6yle2qmd (schema predates ultraAthleteId column)","1"
"cmsldl6sw000ferkkig8byxv4","cmsldl6sn000eerkk0ggtfabk","Udoyibo Goodluck","tinaberry08@gmail.com","UBA-000004","MAIN_DRAFT","PRESENT_NEEDS_ULTRA_ID","existing prod Player cmr4ubxki00nbutkk3l53lwml (schema predates ultraAthleteId column)","1"
"cmsldl7dp004ferkkjw2hh9rr","cmsldl7dd004eerkk4okw6yft","Kukoyi Hassan","kukoyihassan205@gmail.com","UBA-000040","MAIN_DRAFT","PRESENT_NEEDS_APPLICATION_APPROVAL","single Application cmrki6wlf002pfekkh0270ory, status=SUBMITTED — needs approval to match the Season Zero selection","1"
"cmsldl6pt0003erkk3ohjbojr","cmsldl6ow0002erkkyzb5vc6d","Michael Igbanesi","eshimi090@gmail.com","UBA-000001","MAIN_DRAFT","PRESENT_NEEDS_ULTRA_ID","existing prod Player cmr4uk0xn00p2utkk4fzpuf6d (schema predates ultraAthleteId column)","1"
"cmsldl75u002verkkgcco8ep6","cmsldl75n002uerkk7hic8zkn","Friday Jack sifon","jackgaladima@gmail.com","UBA-000026","MAIN_DRAFT","PRESENT_NEEDS_ULTRA_ID","existing prod Player cmr4qxjfl00azutkk5jqfs427 (schema predates ultraAthleteId column)","1"
"cmsldl7l0005qerkkbqxvn168","cmsldl7kt005perkkxl964aee","Rachel John","rayjohn4199@gmail.com","UBA-000051","MAIN_DRAFT","PRESENT_NEEDS_APPLICATION_APPROVAL","single Application cmrosq4ka009ifekk8kvpts5w, status=SUBMITTED — needs approval to match the Season Zero selection","1"
"cmsldl7mx0062erkkn63m3h2e","cmsldl7ml0061erkkwobjegji","Ifoghale Justine","ifoghalejustine@gmail.com","UBA-000054","MAIN_DRAFT","IDENTITY_AMBIGUOUS_DUPLICATE_APPLICATIONS","2 Application rows (SUBMITTED) for this email — human must pick which to link","2"
"cmsldl7eo004jerkkhw3lg16j","cmsldl7ec004ierkkz3yaqwxf","Samuel Kalejaiye","samuel.olaoluwa539@gmail.com","UBA-000041","MAIN_DRAFT","IDENTITY_AMBIGUOUS_DUPLICATE_APPLICATIONS","6 Application rows (SUBMITTED) for this email — human must pick which to link","6"
"cmsldl6tk000jerkkywg6zmgf","cmsldl6ta000ierkk70gj34sb","Wisdom Maxwell","chidiebubemaxwell13@gmail.com","UBA-000005","MAIN_DRAFT","PRESENT_NEEDS_ULTRA_ID","existing prod Player cmr4ubqpk00n7utkkw9ixwj49 (schema predates ultraAthleteId column)","1"
"cmsldl7iw005berkkr8f6re4x","cmsldl7iq005aerkk4nwmhd7a","Biola Moses","mosesbiola17@gmail.com","UBA-000048","MAIN_DRAFT","IDENTITY_AMBIGUOUS_DUPLICATE_APPLICATIONS","2 Application rows (SUBMITTED) for this email — human must pick which to link","2"
"cmsldl73f002berkkjxh5t2sl","cmsldl739002aerkkfqik67xt","Bakare Mubarak abiodun","bakaremubarakalabi@gmail.com","UBA-000021","SECONDARY_DRAFT","PRESENT_NEEDS_ULTRA_ID","existing prod Player cmr4rvjew00elutkkvr8c48j8 (schema predates ultraAthleteId column)","2"
"cmsldl78u003jerkki544x65q","cmsldl78o003ierkkbgvufb2b","OPEMIPOSI OLUWAGBAMI","opemiposinathaniel@gmail.com","UBA-000032","MAIN_DRAFT","PRESENT_NEEDS_ULTRA_ID","existing prod Player cmr7pzt8i00s4utkk4egwejwf (schema predates ultraAthleteId column)","1"
"cmsldl7if0057erkk72jm8j4b","cmsldl7i90056erkkk6xrsl8v","Solomon Obalusi","julianaobalusi@gmail.com","UBA-000047","SECONDARY_DRAFT","PRESENT_NEEDS_APPLICATION_APPROVAL","single Application cmro0yi6u007dfekk6b94qfy7, status=SUBMITTED — needs approval to match the Season Zero selection","1"
"cmsldl7np0066erkked6wug90","cmsldl7ng0065erkkm1kraz5t","Onyeka Ogbolu","trumpxp9000@gmail.com","UBA-000055","MAIN_DRAFT","PRESENT_NEEDS_APPLICATION_APPROVAL","single Application cmrp8wo2x00ajfekk10vtu3hj, status=SUBMITTED — needs approval to match the Season Zero selection","1"
"cmsldl7cu004berkktmd4wwu0","cmsldl7cj004aerkkz4d3l1v2","Godwin Ojinnaka","godwinojinnaka5@gmail.com","UBA-000039","MAIN_DRAFT","PRESENT_NEEDS_ULTRA_ID","existing prod Player cmr4qyud900beutkk67velkgk (schema predates ultraAthleteId column)","3"
"cmsldl72z0027erkkv7ea9klk","cmsldl72r0026erkkse25m5s8","Adam Oladipupo","oladipupoadam7@gmail.com","UBA-000020","MAIN_DRAFT","PRESENT_NEEDS_ULTRA_ID","existing prod Player cmr4s2vac00fbutkk7xfhukym (schema predates ultraAthleteId column)","4"
"cmsldl6zi001jerkkgjowqgt2","cmsldl6zb001ierkkyhn2vopn","Ojajuni Oluwatobi","ojajunioluwatobi15@gmail.com","UBA-000014","MAIN_DRAFT","PRESENT_NEEDS_ULTRA_ID","existing prod Player cmr4turuy00kputkkkzksz7t2 (schema predates ultraAthleteId column)","1"
"cmsldl7mb005yerkkc2s4l1l6","cmsldl7m3005xerkkwsdse513","Bakare Oreoluwa Olohitare","oreoluwabakare23@gmail.com","UBA-000053","MAIN_DRAFT","PRESENT_NEEDS_APPLICATION_APPROVAL","single Application cmroto3dk009ufekknezo6bus, status=SUBMITTED — needs approval to match the Season Zero selection","1"
"cmsldl77a0037erkkg9oxyypx","cmsldl7740036erkkise5ernk","AFOLABI PECULIAR","peculiarafolabi4@gmail.com","UBA-000029","MAIN_DRAFT","PRESENT_NEEDS_ULTRA_ID","existing prod Player cmr4q5yzy0083utkk67te1fvs (schema predates ultraAthleteId column)","2"
"cmsldl73u002ferkk9atvhh6h","cmsldl73p002eerkkum3bba24","Nwoke Saviour chimeremeze","nwokesaviour39@gmail.com","UBA-000022","MAIN_DRAFT","PRESENT_NEEDS_SEASON_ZERO_REGISTRATION","single APPROVED Application cmr0mi3x70005z7kkvxijvka2","1"
"cmsldl6z0001ferkk8erxuoaw","cmsldl6yq001eerkki0rmzgjj","Offiong Sharon","offiongsharon88@gmail.com","UBA-000013","MAIN_DRAFT","PRESENT_NEEDS_ULTRA_ID","existing prod Player cmr4tw9g400l1utkkrxqodg5j (schema predates ultraAthleteId column)","1"
"cmsldl6xp0017erkkg470xy48","cmsldl6xi0016erkkqoxa2tuv","Aminat Shoboye","aminatadeola35@gmail.com","UBA-000011","MAIN_DRAFT","PRESENT_NEEDS_ULTRA_ID","existing prod Player cmr4u53l000lrutkkmuh90d3k (schema predates ultraAthleteId column)","1"
"cmsldl6ux000rerkkylrb2nq7","cmsldl6up000qerkkur1yfiaf","Tobi Stephen","tobiegunjobi57@gmail.com","UBA-000007","MAIN_DRAFT","PRESENT_NEEDS_ULTRA_ID","existing prod Player cmr4uaxvg00mzutkkyrs4mzr3 (schema predates ultraAthleteId column)","1"
"cmsldl76s0033erkkigk3dl8c","cmsldl76m0032erkkyejw9hxx","Odeyemi Sunday Collins","odeyemicollins7533@gmail.com","UBA-000028","MAIN_DRAFT","PRESENT_NEEDS_ULTRA_ID","existing prod Player cmr4qn6dl009jutkkrab4kb3m (schema predates ultraAthleteId column)","1"
"cmsldl707001nerkkj3t2dzht","cmsldl6zx001merkk56pyrv9a","Okechukwu Sylvia Chilezie","ifunayasylvia831@gmail.com","UBA-000015","MAIN_DRAFT","PRESENT_NEEDS_ULTRA_ID","existing prod Player cmr4tmbld00jjutkkaw4xany6 (schema predates ultraAthleteId column)","1"
"cmsldl7hh004zerkkab4qzeq1","cmsldl7h9004yerkkyvjl5w9a","Bamidele Taiwo","bamideletaiwo587@gmail.com","UBA-000045","MAIN_DRAFT","PRESENT_NEEDS_APPLICATION_APPROVAL","single Application cmrnvjoq1006xfekk1qugbmcn, status=SUBMITTED — needs approval to match the Season Zero selection","1"
"cmsldl6wb000zerkkcoc2g4es","cmsldl6w1000yerkk42yp23vj","Mary Veronica","maryveronica56e@gmail.com","UBA-000009","MAIN_DRAFT","PRESENT_NEEDS_ULTRA_ID","existing prod Player cmr4u7y9p00mbutkk3nbmtgnq (schema predates ultraAthleteId column)","1"
"cmsldl6re0007erkkg8ytvv8p","cmsldl6r30006erkkxpzz3y6m","benjamin chibuzor","benjaminchibuzor2007@gmail.com","UBA-000002","MAIN_DRAFT","PRESENT_NEEDS_ULTRA_ID","existing prod Player cmr4uj4zl00ouutkkhnsugswx (schema predates ultraAthleteId column)","1"
"cmsldl7hz0053erkkwsia3k1c","cmsldl7hs0052erkkcoy8sv41","Udechukwu chidera","udechukwuchidera6@gmail.com","UBA-000046","SECONDARY_DRAFT","PRESENT_NEEDS_APPLICATION_APPROVAL","single Application cmro0e3y00078fekkbryo8j07, status=SUBMITTED — needs approval to match the Season Zero selection","1"
"cmsldl7g7004rerkkbobzxoqa","cmsldl7fx004qerkkus35k5ed","Okafor chidinma daniella","daniellachidinma928@gmail.com","UBA-000043","MAIN_DRAFT","PRESENT_NEEDS_ULTRA_ID","existing prod Player cmr4rkjse00d6utkkfoys0wh1 (schema predates ultraAthleteId column)","2"
"cmsldl7p0006eerkk62ieecp7","cmsldl7oq006derkkddkq799s","sanni george","geoflashsanni@gmail.com","UBA-000057","MAIN_DRAFT","PRESENT_NEEDS_APPLICATION_APPROVAL","single Application cmrsaw97y00bzfekklnbbert0, status=SUBMITTED — needs approval to match the Season Zero selection","1"
"cmsldl79b003nerkkyf6wg35x","cmsldl794003merkkd6mwvjh6","Nalan godswill","nalangidswill25@gmail.com","UBA-000033","SECONDARY_DRAFT","PRESENT_NEEDS_ULTRA_ID","existing prod Player cmr8c75ms00ttutkkkpypn5dy (schema predates ultraAthleteId column)","1"
"cmsldl74r002nerkk5xwchqg6","cmsldl74l002merkkvlp2u9m8","Adebola kolade","koladeadebola39@gmail.com","UBA-000024","MAIN_DRAFT","PRESENT_NEEDS_ULTRA_ID","existing prod Player cmr4rl9rf00deutkk3zgbhu2w (schema predates ultraAthleteId column)","1"
"cmsldl76b002zerkkoo858eu2","cmsldl765002yerkkfzyzyj2r","Ohamara miracle","ebukaohamara@gmail.com","UBA-000027","MAIN_DRAFT","PRESENT_NEEDS_ULTRA_ID","existing prod Player cmr4qsyb000a3utkkz96v4ukc (schema predates ultraAthleteId column)","1"
"cmsldl7c20047erkkca0mvn0f","cmsldl7bt0046erkkdkvo1gld","Samuel olutosoye","olutosoyesamuel@gmail.com","UBA-000038","MAIN_DRAFT","PRESENT_NEEDS_APPLICATION_APPROVAL","single Application cmri8f9ey000afekk7d9zzivb, status=SUBMITTED — needs approval to match the Season Zero selection","1"
"cmsldl72f0023erkk7vvf9vts","cmsldl7290022erkkt94ivh4m","Peter yahaya","yahayapeter089@gmail.com","UBA-000019","SECONDARY_DRAFT","PRESENT_NEEDS_ULTRA_ID","existing prod Player cmr4saxsv00gjutkk41ij798y (schema predates ultraAthleteId column)","1"